start,end,distance,time
"80.28236884124158,13.080123012118264","80.169853826056,12.984579957549897",,
"80.27303743813496,13.069786599977107","80.28415767005362,13.060943127841597",,
"80.2814156069308,13.087125095910523","76.24624786998407,9.960979111152199",,
"80.27652439482927,13.082065251440497","80.14921817663134,13.11914723702597",,